,City,Country,Lat,Lng,Max Temp,Humidity,Cloudiness,Wind Speed,Current Description
0,Bambous Virieux,MU,-20.3428,57.7575,80.85,65,20,11.5,few clouds
1,Mayo,US,38.8876,-76.5119,51.94,77,0,1.01,clear sky
2,Zarechnyy,RU,53.2036,45.1923,42.3,80,90,6.22,overcast clouds
3,Port Alfred,ZA,-33.5906,26.891,57.18,79,40,4.0,scattered clouds
4,Ushuaia,AR,-54.8,-68.3,37.06,75,0,4.61,clear sky
5,Portland,US,45.5234,-122.6762,52.45,91,100,6.91,moderate rain
6,Gualaco,HN,15.05,-86.05,68.16,90,21,2.04,few clouds
7,Sobolevo,RU,54.4299,31.8996,38.59,58,17,2.06,few clouds
8,Albany,US,42.6001,-73.9662,42.44,42,0,5.97,clear sky
9,Contamana,PE,-7.3333,-75.0167,72.36,99,100,2.1,overcast clouds
10,Smithers,CA,54.7804,-127.1743,43.12,61,100,4.61,overcast clouds
11,Sikasso,ML,10.9167,-7.0,79.93,56,70,4.74,broken clouds
12,Pangnirtung,CA,66.1451,-65.7125,1.67,88,17,8.72,few clouds
13,Babra,IN,21.85,71.3,99.1,22,0,17.29,clear sky
14,Namibe,AO,-15.1961,12.1522,71.96,78,44,3.74,scattered clouds
15,New Norfolk,AU,-42.7826,147.0587,58.91,61,45,1.99,scattered clouds
16,Wattegama,LK,6.7989,81.4808,91.65,53,34,0.4,scattered clouds
17,Ranong,TH,9.9658,98.6348,91.33,68,91,4.16,overcast clouds
18,Margate,GB,51.3813,1.3862,47.3,77,28,5.01,scattered clouds
19,Punta Arenas,CL,-53.15,-70.9167,32.11,86,0,8.05,clear sky
20,Muravlenko,RU,63.7898,74.523,25.29,77,24,10.8,few clouds
21,Fortuna,US,40.5982,-124.1573,55.65,80,100,0.0,overcast clouds
22,Port Said,EG,31.2565,32.2841,69.67,51,31,16.8,scattered clouds
23,Busselton,AU,-33.65,115.3333,67.01,53,1,4.29,clear sky
24,Petropavlovka,RU,50.6114,105.3196,59.4,37,100,5.14,light rain
25,Avarua,CK,-21.2078,-159.775,78.85,89,40,6.91,scattered clouds
26,Muisne,EC,0.6,-80.0333,76.98,85,98,4.9,overcast clouds
27,Pericos,MX,25.05,-107.7,71.51,42,7,2.01,clear sky
28,Deputatskiy,RU,69.3,139.9,22.55,80,37,4.25,scattered clouds
29,Tsiroanomandidy,MG,-18.7667,46.0333,67.73,84,5,2.17,clear sky
30,Hithadhoo,MV,-0.6,73.0833,85.19,72,58,10.0,broken clouds
31,Pimentel,PE,-6.8367,-79.9342,65.98,86,100,11.68,overcast clouds
32,Valparaiso,CL,-33.0393,-71.6273,54.48,73,0,5.75,clear sky
33,Qaanaaq,GL,77.484,-69.3632,8.56,73,62,8.21,broken clouds
34,Jamestown,US,42.097,-79.2353,44.24,54,0,4.61,clear sky
35,Finnsnes,NO,69.2296,17.9811,30.81,90,99,3.31,light snow
36,Poquoson,US,37.1224,-76.3458,52.0,91,40,0.0,scattered clouds
37,Mahebourg,MU,-20.4081,57.7,80.89,65,20,11.5,few clouds
38,Rikitea,PF,-23.1203,-134.9692,76.91,68,99,16.22,overcast clouds
39,Talnakh,RU,69.4865,88.3972,18.21,89,84,7.94,broken clouds
40,Upernavik,GL,72.7868,-56.1549,12.52,78,100,17.22,overcast clouds
41,Olafsvik,IS,64.8945,-23.7142,43.43,88,44,8.32,scattered clouds
42,Salamanca,ES,40.8333,-6.0,53.74,79,35,1.45,scattered clouds
43,Hermanus,ZA,-34.4187,19.2345,52.81,81,46,6.46,scattered clouds
44,Sao Miguel Do Araguaia,BR,-13.275,-50.1628,70.95,60,0,1.79,clear sky
45,Kapaa,US,22.0752,-159.319,78.78,84,75,17.27,broken clouds
46,Saskylakh,RU,71.9167,114.0833,30.9,92,100,15.61,overcast clouds
47,Ilulissat,GL,69.2167,-51.1,19.42,73,75,20.71,broken clouds
48,Severo-Kurilsk,RU,50.6789,156.125,35.71,82,93,17.85,overcast clouds
49,Mar Del Plata,AR,-38.0023,-57.5575,44.87,73,0,4.0,clear sky
50,Otofuke,JP,42.9917,143.2003,59.95,28,61,24.79,broken clouds
51,Saint-Augustin,CA,51.226,-58.6502,36.55,86,100,20.83,overcast clouds
52,Aksarka,RU,66.5606,67.7975,28.22,89,47,16.84,scattered clouds
53,Narsaq,GL,60.9167,-46.05,37.62,79,100,1.48,overcast clouds
54,Dikson,RU,73.5069,80.5464,18.95,91,100,20.4,light snow
55,Bethel,US,41.3712,-73.414,48.49,42,0,0.0,clear sky
56,Carnarvon,AU,-24.8667,113.6333,87.87,25,0,13.8,clear sky
57,Zhanaozen,KZ,43.3,52.8,68.5,43,100,12.64,overcast clouds
58,Hobart,AU,-42.8794,147.3294,59.25,54,40,21.85,scattered clouds
59,Ongandjera,NA,-17.8833,15.0667,67.21,50,12,3.15,few clouds
60,Atuona,PF,-9.8,-139.0333,79.14,74,100,16.71,overcast clouds
61,Kodiak,US,57.79,-152.4072,40.05,93,100,29.75,light rain
62,Baton Rouge,US,30.4508,-91.1545,66.94,81,0,3.44,clear sky
63,Vila Franca Do Campo,PT,37.7167,-25.4333,66.2,95,28,7.23,light rain
64,Bowen,AU,-20.0167,148.2333,79.02,72,52,15.7,broken clouds
65,Xichang,CN,27.8964,102.2634,75.27,48,72,3.42,broken clouds
66,Jati,PK,24.3539,68.2671,101.44,24,0,22.08,clear sky
67,Bubaque,GW,11.2833,-15.8333,76.64,69,94,15.14,overcast clouds
68,Jaisalmer,IN,26.9147,70.9181,102.49,15,0,6.55,clear sky
69,Souillac,MU,-20.5167,57.5167,80.98,65,20,11.5,few clouds
70,Vaini,TO,-21.2,-175.2,75.36,100,100,8.05,light rain
71,Natal,BR,-5.795,-35.2094,73.62,94,0,5.75,light rain
72,Barrow,US,71.2906,-156.7887,17.62,79,100,11.5,overcast clouds
73,Nikolskoye,RU,59.7035,30.7861,38.88,63,17,5.77,few clouds
74,Tual,ID,-5.6667,132.75,84.24,73,100,11.59,overcast clouds
75,Richmond,US,37.5538,-77.4603,53.15,75,75,5.75,broken clouds
76,Gorontalo,ID,0.5412,123.0595,81.59,88,68,0.85,broken clouds
77,Saint George,US,37.1041,-113.5841,66.79,20,0,11.5,clear sky
78,Mataura,NZ,-46.1927,168.8643,62.47,78,91,3.18,overcast clouds
79,Longyearbyen,SJ,78.2186,15.6401,6.64,72,20,9.22,few clouds
80,Alofi,NU,-19.0595,-169.9187,80.49,89,97,4.61,overcast clouds
81,Marsabit,KE,2.3284,37.9899,67.73,78,9,14.14,clear sky
82,Ulladulla,AU,-35.35,150.4667,67.77,47,83,7.63,broken clouds
83,Ust-Nera,RU,64.5667,143.2,31.96,85,99,3.51,overcast clouds
84,Bluff,NZ,-46.6,168.3333,62.8,76,98,9.98,overcast clouds
85,Tubalan,PH,6.495,125.5661,83.91,70,100,4.0,light rain
86,Cavalcante,BR,-13.7975,-47.4583,66.15,60,2,3.24,clear sky
87,Puerto Ayora,EC,-0.7393,-90.3518,71.22,93,61,5.39,broken clouds
88,Eyl,SO,7.9803,49.8164,85.73,67,54,5.66,broken clouds
89,Port Blair,IN,11.6667,92.75,91.44,58,40,4.61,haze
90,Kieta,PG,-6.2167,155.6333,83.57,76,25,3.6,light rain
91,Tramandai,BR,-29.9847,-50.1336,58.78,71,1,3.62,clear sky
92,Georgetown,MY,5.4112,100.3354,89.53,71,40,11.5,scattered clouds
93,East London,ZA,-33.0153,27.9116,61.74,63,0,13.8,clear sky
94,Lebu,CL,-37.6167,-73.65,48.07,81,0,14.25,clear sky
95,Torbay,CA,47.6666,-52.7314,38.57,96,100,3.44,fog
96,San Juan Bautista,PE,-14.0108,-75.7358,71.31,66,41,1.41,scattered clouds
97,Northam,GB,51.0333,-4.2167,41.61,79,100,6.85,overcast clouds
98,Thompson,CA,55.7435,-97.8558,37.56,70,75,3.44,broken clouds
99,Japura,ID,-0.3167,102.35,92.91,52,100,1.43,overcast clouds
100,Beringovskiy,RU,63.05,179.3167,31.93,96,99,15.55,light snow
101,El Alto,PE,-4.2714,-81.2147,68.85,75,36,16.42,scattered clouds
102,Fort Nelson,CA,58.8053,-122.7002,35.19,69,0,2.3,clear sky
103,Broome,US,42.2506,-75.833,35.65,69,0,3.0,clear sky
104,Grand Gaube,MU,-20.0064,57.6608,81.0,63,5,7.0,clear sky
105,Mecca,SA,21.4267,39.8261,89.13,31,0,1.92,clear sky
106,Chokurdakh,RU,70.6333,147.9167,22.82,89,16,9.42,few clouds
107,Clyde River,CA,70.4692,-68.5914,-0.17,78,75,9.22,broken clouds
108,Atambua,ID,-9.1061,124.8925,84.87,58,98,2.26,overcast clouds
109,Chapais,CA,49.7834,-74.8492,28.18,95,8,5.26,clear sky
110,Kloulklubed,PW,7.0419,134.2556,81.1,73,19,10.71,few clouds
111,Victoria,HK,22.2855,114.1577,82.96,84,100,18.01,overcast clouds
112,Auki,SB,-8.7676,160.7034,82.08,77,95,2.08,overcast clouds
113,Millinocket,US,45.6573,-68.7098,35.71,80,100,8.05,overcast clouds
114,Yuancheng,CN,36.652,107.7896,53.11,13,100,18.16,overcast clouds
115,Laguna,US,38.421,-121.4238,64.69,58,0,5.75,clear sky
116,Kununurra,AU,-15.7667,128.7333,96.78,38,45,8.05,scattered clouds
117,Nanortalik,GL,60.1432,-45.2371,37.35,87,67,5.37,broken clouds
118,Cape Town,ZA,-33.9258,18.4232,56.12,94,20,5.75,few clouds
119,Peniche,PT,39.3558,-9.3811,56.44,94,4,8.21,clear sky
120,Tecoanapa,MX,16.5167,-98.75,79.84,71,8,6.29,clear sky
121,Sioux Lookout,CA,50.1001,-91.917,37.47,87,100,6.91,overcast clouds
122,New Richmond,US,45.123,-92.5366,53.04,62,100,18.41,overcast clouds
123,Buala,SB,-8.145,159.5921,82.65,76,100,3.58,moderate rain
124,Nyimba,ZM,-14.5566,30.8149,61.65,81,4,2.26,clear sky
125,Ambilobe,MG,-13.2,49.05,76.82,82,96,3.65,overcast clouds
126,Russell,US,32.3502,-85.1999,70.88,88,75,0.0,broken clouds
127,Dubuque,US,42.4833,-90.8668,57.02,64,100,24.16,overcast clouds
128,Cabo San Lucas,MX,22.8909,-109.9124,76.3,61,17,13.71,few clouds
129,Ixtapa,MX,20.7,-105.2,74.23,65,0,3.44,clear sky
130,Faanui,PF,-16.4833,-151.75,81.37,72,11,17.2,few clouds
131,Khatanga,RU,71.9667,102.5,16.25,87,99,16.96,overcast clouds
132,Oranjestad,AW,12.524,-70.027,80.55,89,75,17.27,broken clouds
133,Kahului,US,20.8947,-156.47,75.85,73,40,18.41,scattered clouds
134,Nara,JP,34.6851,135.8049,69.69,36,4,4.74,clear sky
135,Maine-Soroa,NE,13.2114,12.0241,84.47,37,66,8.77,broken clouds
136,Cherskiy,RU,68.75,161.3,14.58,86,92,6.04,overcast clouds
137,Cape Canaveral,US,28.4058,-80.6048,75.02,73,20,16.11,few clouds
138,Barkhan,PK,29.8977,69.5256,93.56,10,0,14.56,clear sky
139,Takoradi,GH,4.8845,-1.7554,79.23,86,89,5.88,overcast clouds
140,Baglung,NP,28.2719,83.5898,87.39,25,7,7.56,clear sky
141,Lompoc,US,34.6391,-120.4579,60.64,86,0,11.5,clear sky
142,Gizo,SB,-8.103,156.8419,84.54,68,47,5.48,scattered clouds
143,Arraial Do Cabo,BR,-22.9661,-42.0278,74.95,87,3,11.36,clear sky
144,Paramonga,PE,-10.6667,-77.8333,67.32,86,92,5.79,overcast clouds
145,Pocone,BR,-16.2567,-56.6228,71.76,53,5,3.31,clear sky
146,Grindavik,IS,63.8424,-22.4338,43.27,87,75,5.75,broken clouds
147,Poum,NC,-20.2333,164.0167,76.84,73,52,11.5,broken clouds
148,Marsa Matruh,EG,31.3525,27.2453,62.8,88,0,6.91,clear sky
149,Maniitsoq,GL,65.4167,-52.9,8.29,75,37,9.55,scattered clouds
150,Mosetse,BW,-20.75,26.65,58.8,47,0,4.18,clear sky
151,Fuzhou,CN,26.0614,119.3061,64.29,87,100,3.27,overcast clouds
152,La Ronge,CA,55.1001,-105.2842,39.45,65,40,2.3,scattered clouds
153,Kruisfontein,ZA,-34.0033,24.7314,57.88,85,36,12.64,scattered clouds
154,Novyy Urengoy,RU,66.0833,76.6333,23.43,85,28,13.0,scattered clouds
155,Acapulco,MX,16.8634,-99.8901,78.62,89,20,5.75,few clouds
156,Dunkirk,FR,51.05,2.3667,48.09,85,17,1.01,few clouds
157,Whitehorse,CA,60.7161,-135.0538,37.02,87,75,4.61,broken clouds
158,Yarmouth,US,41.7057,-70.2286,46.96,64,40,24.0,scattered clouds
159,Sokoni,TZ,-6.4333,39.55,78.84,79,98,13.78,light rain
160,Henties Bay,NA,-22.116,14.2845,59.5,85,0,9.48,clear sky
161,Mount Isa,AU,-20.7333,139.5,89.37,27,11,14.97,few clouds
162,Bredasdorp,ZA,-34.5322,20.0403,53.51,88,18,6.85,few clouds
163,Saint-Pierre,RE,-21.3393,55.4781,82.08,70,0,3.44,clear sky
164,Katsuura,JP,35.1333,140.3,55.18,62,22,19.44,few clouds
165,Trancoso,MX,22.7333,-102.3667,64.98,16,0,11.18,clear sky
166,Pisco,PE,-13.7,-76.2167,66.25,77,57,5.75,mist
167,Touros,BR,-5.1989,-35.4608,74.71,84,97,9.57,overcast clouds
168,Ahipara,NZ,-35.1667,173.1667,64.92,73,41,10.56,scattered clouds
169,Beberibe,BR,-4.1797,-38.1306,76.24,87,92,7.72,overcast clouds
170,Butaritari,KI,3.0707,172.7902,81.45,78,43,9.31,scattered clouds
171,Quesnel,CA,52.9999,-122.5029,48.7,40,40,2.3,scattered clouds
172,Oktyabrskoye,RU,43.0645,44.7417,55.54,100,75,2.24,broken clouds
173,Thinadhoo,MV,0.5333,72.9333,85.53,67,84,9.71,broken clouds
174,Makubetsu,JP,45.3714,141.8211,46.11,46,20,16.11,few clouds
175,Chuy,UY,-33.6971,-53.4616,48.87,78,14,3.42,few clouds
176,Bosaso,SO,11.2842,49.1816,87.78,66,0,23.02,clear sky
177,Tuktoyaktuk,CA,69.4541,-133.0374,24.8,86,20,4.61,few clouds
178,Piacabucu,BR,-10.4056,-36.4344,73.85,80,92,1.9,overcast clouds
179,Bogorodskoye,RU,56.55,37.8833,34.2,57,99,10.56,overcast clouds
180,Ust-Tsilma,RU,65.441,52.1498,27.75,56,46,7.0,scattered clouds
181,Miraflores,MX,19.2167,-98.8083,65.05,58,61,3.83,broken clouds
182,Sechura,PE,-5.5569,-80.8222,68.85,76,100,13.29,overcast clouds
183,Tres Picos,MX,15.8667,-93.5333,81.12,84,80,0.67,broken clouds
184,Karatau,KZ,43.1667,70.4667,80.04,38,18,4.12,few clouds
185,Gramalote,CO,7.8875,-72.7975,74.03,90,96,3.62,overcast clouds
186,Buin,CL,-33.7333,-70.75,58.73,46,1,2.3,clear sky
187,Pochutla,MX,15.7432,-96.4661,81.82,65,73,5.97,broken clouds
188,Limon,CR,10.0,-83.0333,76.84,86,97,3.69,overcast clouds
189,Sorland,NO,67.667,12.6934,37.29,58,100,16.89,overcast clouds
190,Bontang,ID,0.1333,117.5,85.3,69,51,8.55,moderate rain
191,Pokhara,NP,28.2333,83.9833,88.79,27,8,6.71,clear sky
192,Hilo,US,19.7297,-155.09,74.28,88,100,4.61,overcast clouds
193,Wanning,CN,18.8003,110.3967,77.83,87,100,7.14,overcast clouds
194,Bathsheba,BB,13.2167,-59.5167,81.21,89,75,13.8,broken clouds
195,Padang,ID,-0.9492,100.3543,87.85,64,79,4.7,broken clouds
196,Lashio,MM,22.9333,97.75,97.75,20,17,3.78,few clouds
197,Port-Gentil,GA,-0.7193,8.7815,76.96,88,100,3.44,thunderstorm with light rain
198,Palmer,US,42.1584,-72.3287,43.5,58,0,0.0,clear sky
199,Luderitz,NA,-26.6481,15.1594,55.18,68,0,11.45,clear sky
200,Westport,US,41.1415,-73.3579,50.56,37,0,8.05,clear sky
201,Birobidzhan,RU,48.8,132.95,53.1,40,100,12.73,overcast clouds
202,Ragay,PH,13.8183,122.7923,87.39,62,99,1.99,overcast clouds
203,Palauig,PH,15.435,119.9045,86.83,66,100,8.63,overcast clouds
204,Cabra,ES,37.4725,-4.4421,52.09,71,3,4.09,clear sky
205,Sault Sainte Marie,CA,46.5168,-84.3333,39.49,35,0,5.75,clear sky
206,Cidreira,BR,-30.1811,-50.2056,59.92,66,0,4.14,clear sky
207,Klaksvik,FO,62.2266,-6.589,45.52,78,100,9.17,overcast clouds
208,Tiksi,RU,71.6872,128.8694,34.84,73,100,17.78,overcast clouds
209,Denpasar,ID,-8.65,115.2167,87.46,79,20,9.22,few clouds
210,Fuerte Olimpo,PY,-21.0415,-57.8738,67.32,93,19,7.16,few clouds
211,Yellowknife,CA,62.456,-114.3525,27.12,63,20,10.36,few clouds
212,Lorengau,PG,-2.0226,147.2712,82.65,75,88,3.15,overcast clouds
213,Galle,LK,6.0367,80.217,86.79,69,92,10.8,overcast clouds
214,Castro,BR,-24.7911,-50.0119,56.88,96,100,7.83,overcast clouds
215,Port Lincoln,AU,-34.7333,135.8667,64.67,56,49,13.31,scattered clouds
216,Ugoofaaru,MV,5.6667,73.0,86.36,71,89,12.01,overcast clouds
217,Brae,GB,60.3964,-1.353,43.23,77,100,6.22,overcast clouds
218,Tura,IN,25.5198,90.2201,87.21,52,96,1.25,overcast clouds
219,Pevek,RU,69.7008,170.3133,18.46,83,100,10.11,overcast clouds
220,Fallon,US,39.4735,-118.7774,53.92,22,40,0.0,scattered clouds
221,Nome,US,64.5011,-165.4064,42.87,62,0,11.5,clear sky
222,Beloha,MG,-25.1667,45.05,68.29,60,0,8.88,clear sky
223,Neijiang,CN,29.5835,105.0622,58.62,75,100,9.91,overcast clouds
224,Digby,CA,44.6169,-65.7655,37.58,98,100,18.79,overcast clouds
225,Marystown,CA,47.1666,-55.1483,43.86,100,100,1.01,overcast clouds
226,Rawson,AR,-43.3002,-65.1023,47.8,46,51,10.45,broken clouds
227,Rognan,NO,67.0953,15.3878,36.05,91,99,6.44,light snow
228,Tupik,RU,54.4253,119.9327,44.67,25,47,5.97,scattered clouds
229,Talagang,PK,32.9297,72.4158,95.14,19,1,9.08,clear sky
230,Sitka,US,57.0531,-135.33,46.29,66,40,0.0,scattered clouds
231,Lagoa,PT,39.05,-27.9833,60.58,87,23,18.66,few clouds
232,Umm Lajj,SA,25.0213,37.2685,86.61,30,0,12.17,clear sky
233,Lamu,KE,-2.2717,40.902,82.62,78,57,12.66,light rain
234,Bloomfield,US,40.8068,-74.1854,52.05,31,0,12.66,clear sky
235,Ternate,ID,0.8,127.4,83.1,72,97,0.69,overcast clouds
236,Novo Aripuana,BR,-5.1206,-60.3797,72.66,97,99,2.64,overcast clouds
237,Sansepolcro,IT,43.5747,12.143,49.5,78,7,4.83,clear sky
238,Cockburn Town,TC,21.4612,-71.1419,76.82,70,100,17.94,overcast clouds
239,Vidim,RU,56.4088,103.1106,56.34,80,100,10.07,overcast clouds
240,Bilibino,RU,68.0546,166.4372,22.59,84,100,0.63,overcast clouds
241,Payson,US,40.0444,-111.7321,48.25,38,0,5.75,clear sky
242,Pringsewu,ID,-5.3582,104.9744,89.53,58,98,3.22,overcast clouds
243,Brigantine,US,39.4101,-74.3646,50.0,40,0,9.22,clear sky
244,Iqaluit,CA,63.7506,-68.5145,15.53,73,75,10.36,broken clouds
245,Kurchum,KZ,48.5722,83.6542,71.98,15,80,33.26,broken clouds
246,Rocha,UY,-34.4833,-54.3333,44.13,84,0,3.36,clear sky
247,Alanya,TR,36.5438,31.9998,64.53,47,29,1.19,scattered clouds
248,Coffs Harbour,AU,-30.3,153.1333,78.76,57,91,12.66,overcast clouds
249,Nadym,RU,65.5333,72.5167,28.26,81,25,20.62,scattered clouds
250,Eregli,TR,37.5133,34.0467,64.9,38,100,3.24,overcast clouds
251,Egvekinot,RU,66.3167,-179.1667,26.15,86,100,5.46,overcast clouds
252,Gotsu,JP,35.0,132.2167,57.81,60,3,12.41,clear sky
253,Osinki,RU,52.8432,49.5132,46.9,52,47,8.84,scattered clouds
254,San Jose,US,37.3394,-121.895,57.88,61,20,4.61,few clouds
255,Lucea,JM,18.451,-78.1736,76.86,81,8,5.5,clear sky
256,Mokhotlong,LS,-29.2894,29.0675,42.42,81,9,1.81,clear sky
257,Esperance,AU,-33.8667,121.9,69.64,59,20,7.02,few clouds
258,Aranos,NA,-24.1333,19.1167,59.38,54,1,2.8,clear sky
259,Rio Gallegos,AR,-51.6226,-69.2181,30.25,93,0,3.44,clear sky
260,Ponta Do Sol,PT,32.6667,-17.1,63.72,48,24,2.8,few clouds
261,Mareeba,AU,-17.0,145.4333,75.43,84,95,7.43,overcast clouds
262,Romny,UA,50.751,33.4747,47.62,60,15,2.51,few clouds
263,Belmonte,BR,-15.8631,-38.8828,74.07,86,11,4.07,few clouds
264,Westerland,DE,54.9079,8.3033,44.94,81,75,9.22,broken clouds
265,Camacha,PT,33.0833,-16.3333,58.42,82,20,4.61,few clouds
266,Mitsamiouli,KM,-11.3847,43.2844,80.62,77,100,12.21,light rain
267,Mwense,ZM,-10.3845,28.698,66.65,83,99,3.15,overcast clouds
268,Hamadan,IR,34.7992,48.5146,54.48,76,75,2.3,broken clouds
269,Guerrero Negro,MX,27.9769,-114.0611,59.13,82,12,15.28,few clouds
270,Carauari,BR,-4.8828,-66.8958,71.78,99,100,2.01,overcast clouds
271,Alamos,MX,27.0167,-108.9333,70.45,23,1,2.51,clear sky
272,Seoul,KR,37.5683,126.9778,64.0,50,75,18.41,broken clouds
273,Honningsvag,NO,70.9821,25.9704,28.15,64,100,18.41,overcast clouds
274,Cheremkhovo,RU,53.1561,103.0675,61.05,39,100,8.03,overcast clouds
275,Cuamba,MZ,-14.8031,36.5372,62.58,86,16,2.35,few clouds
276,Kommunisticheskiy,RU,61.6789,64.4819,37.65,48,3,10.42,clear sky
277,Dunedin,NZ,-45.8742,170.5036,57.79,79,89,5.99,overcast clouds
278,Bonavista,CA,48.6499,-53.1147,34.56,99,100,9.91,overcast clouds
279,Geraldton,AU,-28.7667,114.6,81.01,26,0,9.22,clear sky
280,Saint Anthony,US,45.0205,-93.218,54.09,80,100,20.71,overcast clouds
281,Saint-Philippe,RE,-21.3585,55.7679,81.99,78,43,14.23,scattered clouds
282,Ilhabela,BR,-23.7781,-45.3581,72.68,92,98,6.4,overcast clouds
283,Qaqortoq,GL,60.7167,-46.0333,36.79,89,98,2.84,overcast clouds
284,Christchurch,NZ,-43.5333,172.6333,58.95,80,3,12.66,clear sky
285,Zholymbet,KZ,51.7433,71.7122,72.12,26,8,4.5,clear sky
286,Tucurui,BR,-3.7661,-49.6725,72.72,98,97,3.98,overcast clouds
287,Balaipungut,ID,1.05,101.2833,86.95,72,71,2.48,broken clouds
288,Kargopol,RU,61.5071,38.9456,32.02,65,15,6.6,few clouds
289,Alpena,US,45.0617,-83.4327,39.45,86,0,0.0,clear sky
290,Hamilton,US,39.1834,-84.5333,61.88,54,100,8.05,overcast clouds
291,Koslan,RU,63.4564,48.8989,31.42,63,100,4.76,overcast clouds
292,Hornepayne,CA,49.2138,-84.7705,36.18,82,98,5.1,overcast clouds
293,Hualmay,PE,-11.0964,-77.6139,66.83,86,98,7.49,overcast clouds
294,Dhariwal,IN,31.9542,75.3192,105.19,11,3,2.42,clear sky
295,Benguela,AO,-12.5763,13.4055,75.63,87,91,0.89,overcast clouds
296,Bijie,CN,27.3125,105.2942,51.06,89,100,10.36,overcast clouds
297,San Jeronimo,PE,-11.9472,-75.2829,48.11,82,84,0.47,broken clouds
298,Saint-Junien,FR,45.8833,0.9,53.85,99,93,2.68,overcast clouds
299,Zaysan,KZ,47.4667,84.8667,70.68,16,36,3.53,scattered clouds
300,Dickinson,US,29.4608,-95.0513,75.97,88,75,11.5,broken clouds
301,Codrington,AU,-38.2667,141.9667,61.25,53,97,16.75,overcast clouds
302,Fairbanks,US,64.8378,-147.7164,55.4,28,0,0.0,clear sky
303,Saldanha,ZA,-33.0117,17.9442,48.25,84,49,4.83,scattered clouds
304,Beyneu,KZ,45.3167,55.2,77.45,16,100,16.08,overcast clouds
305,Baoshan,CN,46.5586,131.4244,44.4,79,100,11.65,moderate rain
306,Palana,RU,59.1167,159.9667,32.74,74,4,8.16,clear sky
307,Ahuimanu,US,21.4447,-157.8378,78.51,77,40,16.11,scattered clouds
308,Muros,ES,42.7762,-9.0603,52.09,92,25,4.09,scattered clouds
309,Cadiz,ES,36.5,-5.75,55.13,78,0,5.59,clear sky
310,Hasaki,JP,35.7333,140.8333,61.29,56,29,16.4,scattered clouds
311,Chifeng,CN,42.2683,118.9636,55.51,13,1,20.96,clear sky
312,Tautira,PF,-17.7333,-149.15,80.38,75,24,18.37,light rain
313,Lazaro Cardenas,MX,17.9583,-102.2,75.15,77,10,3.49,clear sky
314,Aksay,RU,47.26,39.87,59.22,54,100,7.0,overcast clouds
315,Khromtau,KZ,50.2503,58.4347,56.48,50,100,8.77,overcast clouds
316,Jalu,LY,29.0331,21.5482,65.32,56,0,7.47,clear sky
317,Broken Hill,AU,-31.95,141.4333,64.11,55,84,8.05,broken clouds
318,Vardo,NO,70.3705,31.1107,29.25,61,98,23.78,overcast clouds
319,Honiara,SB,-9.4333,159.95,82.83,78,100,2.28,overcast clouds
320,Tasiilaq,GL,65.6145,-37.6368,28.67,88,65,7.87,broken clouds
321,Tavricheskoye,RU,54.5851,73.6395,60.71,54,22,9.71,few clouds
322,Leningradskiy,RU,69.3833,178.4167,18.23,90,97,13.38,overcast clouds
323,Chernyshevskiy,RU,63.0128,112.4714,36.25,99,100,7.63,light rain
324,Dong Hoi,VN,17.4833,106.6,77.94,89,100,7.78,overcast clouds
325,Sembe,CG,1.6481,14.5806,71.55,96,91,0.27,light rain
326,Vila,PT,42.0304,-8.1588,54.7,76,13,2.26,few clouds
327,Yumen,CN,40.2833,97.2,56.7,18,65,5.93,broken clouds
328,Zyryanka,RU,65.75,150.85,28.15,78,97,4.61,overcast clouds
329,Vestmannaeyjar,IS,63.4427,-20.2734,44.98,81,11,10.63,few clouds
330,Champerico,GT,14.3,-91.9167,81.77,75,81,3.69,broken clouds
331,Bambanglipuro,ID,-7.95,110.2833,86.2,69,28,5.35,scattered clouds
332,Kavieng,PG,-2.5744,150.7967,83.88,69,80,3.27,light rain
333,Gander,CA,48.9682,-54.5906,33.93,100,100,12.66,light intensity drizzle
334,Necochea,AR,-38.5473,-58.7368,42.55,66,24,7.25,few clouds
335,Gerede,TR,40.8008,32.1969,48.83,90,100,3.29,overcast clouds
336,Megion,RU,61.0296,76.1136,32.02,58,100,10.69,overcast clouds
337,Gold Coast,AU,-28.0,153.4333,79.0,80,98,6.91,overcast clouds
338,Kropotkin,RU,45.4375,40.5756,61.16,76,62,10.87,broken clouds
339,Pakxan,LA,18.3778,103.6601,94.01,32,75,6.44,broken clouds
340,Ciudad Bolivar,VE,8.1222,-63.5497,80.19,74,67,9.42,broken clouds
341,Porto Novo,BJ,6.4965,2.6036,76.82,85,79,1.05,broken clouds
342,Nuqui,CO,5.7125,-77.2708,78.57,86,93,2.59,light rain
343,Sur,OM,22.5667,59.5289,99.21,31,3,3.18,clear sky
344,Constitucion,CL,-35.3333,-72.4167,50.65,59,12,5.5,few clouds
345,Coihaique,CL,-45.5752,-72.0662,37.35,100,20,1.14,light rain
346,Mikkeli,FI,61.6886,27.2723,32.14,69,0,9.22,clear sky
347,Jiaojiang,CN,28.6803,121.4428,61.0,82,100,7.31,light rain
348,Baykit,RU,61.67,96.37,42.98,72,74,12.39,broken clouds
349,Kamwenge,UG,0.1866,30.4539,62.65,96,100,0.76,overcast clouds
350,Port Augusta,AU,-32.5,137.7667,67.14,47,1,13.0,clear sky
351,Ambon,ID,-3.6954,128.1814,89.74,62,40,6.91,scattered clouds
352,Komsomolskiy,UZ,40.4272,71.7189,77.72,44,45,6.91,scattered clouds
353,Makhinjauri,GE,41.6739,41.694,53.46,94,75,4.61,broken clouds
354,Marsh Harbour,BS,26.5412,-77.0636,72.77,79,99,20.6,overcast clouds
355,Cayenne,GF,4.9333,-52.3333,81.09,1,100,7.0,overcast clouds
356,Tromso,NO,69.6496,18.957,31.37,74,75,4.61,broken clouds
357,Rosetta,EG,31.4044,30.4164,67.93,77,17,13.71,few clouds
358,Roma,US,43.2128,-75.4557,34.52,68,0,1.99,clear sky
359,Jawhar,SO,2.7809,45.5005,86.86,58,14,7.7,few clouds
360,Balabac,PH,7.9868,117.0645,85.59,71,100,9.42,overcast clouds
361,Price,US,39.5994,-110.8107,43.86,33,0,13.8,clear sky
362,Hami,CN,42.8,93.45,68.43,11,1,4.0,clear sky
363,Manzhouli,CN,49.6,117.4333,49.82,18,97,14.7,overcast clouds
364,Terney,RU,45.0503,136.6092,50.47,47,87,10.74,overcast clouds
365,Nantucket,US,41.2835,-70.0995,46.51,63,0,11.5,clear sky
366,Husavik,IS,66.0449,-17.3389,42.46,80,22,8.43,few clouds
367,Bastia,FR,42.6667,9.3333,61.3,53,0,3.44,clear sky
368,Kandrian,PG,-6.2167,149.55,85.12,67,86,5.93,overcast clouds
369,Lac Du Bonnet,CA,50.2536,-96.0612,41.11,98,100,8.23,moderate rain
370,Manticao,PH,8.4042,124.2867,84.9,73,38,7.16,scattered clouds
371,Lubango,AO,-14.9172,13.4925,59.63,70,46,3.2,scattered clouds
372,Osmena,PH,10.5208,119.9258,84.07,71,100,5.86,overcast clouds
373,Srednekolymsk,RU,67.45,153.6833,25.38,77,98,6.08,overcast clouds
374,Mastic Beach,US,40.7668,-72.8521,50.77,46,0,1.99,clear sky
375,Beian,NO,63.6559,9.5683,42.89,81,75,21.85,broken clouds
376,Arlit,NE,18.7369,7.3853,84.65,6,100,5.5,overcast clouds
377,Kenora,CA,49.8167,-94.4337,38.37,100,100,9.22,light rain
378,Viedma,AR,-40.8135,-62.9967,45.14,40,98,9.71,overcast clouds
379,Saint-Georges,GD,12.0564,-61.7485,80.28,89,20,16.11,few clouds
380,Vila Do Maio,CV,15.1333,-23.2167,68.79,80,7,15.73,clear sky
381,San Quintin,MX,30.4833,-115.95,57.18,85,0,5.39,clear sky
382,La Palma,US,33.8464,-118.0467,65.97,78,0,3.44,clear sky
383,College,US,64.8569,-147.8028,55.38,29,20,0.0,few clouds
384,Nago,JP,26.5881,127.9761,76.05,68,98,8.66,overcast clouds
385,Saint-Joseph,RE,-21.3667,55.6167,80.98,74,20,9.48,few clouds
386,Tuatapere,NZ,-46.1333,167.6833,56.86,83,100,6.58,overcast clouds
387,Diffa,NE,13.3154,12.6113,85.93,35,87,7.52,overcast clouds
388,Oregon,US,44.0001,-120.5014,42.62,72,94,8.48,overcast clouds
389,Kostomuksha,RU,64.571,30.5767,31.68,61,71,8.99,broken clouds
390,Kinna,SE,57.5073,12.6946,44.44,59,88,3.06,overcast clouds
391,Isangel,VU,-19.55,169.2667,76.55,82,98,21.72,overcast clouds
392,Tadine,NC,-21.55,167.8833,74.68,76,100,18.1,overcast clouds
393,Aklavik,CA,68.2191,-135.0107,29.98,93,54,9.86,broken clouds
394,Kaduqli,SD,11.0167,29.7167,93.29,28,20,6.22,few clouds
395,Zhezkazgan,KZ,47.8043,67.7144,69.78,30,0,8.95,clear sky
396,Naze,JP,28.3667,129.4833,70.72,83,100,7.67,overcast clouds
397,Camabatela,AO,-8.1881,15.375,63.73,94,100,3.8,overcast clouds
398,Kyshtovka,RU,56.555,76.6271,59.14,60,87,10.87,overcast clouds
399,Mana,GF,5.6592,-53.7767,77.97,82,47,10.47,scattered clouds
400,Kaitangata,NZ,-46.2817,169.8464,52.56,88,88,3.78,overcast clouds
401,Dingle,PH,10.9995,122.6711,88.27,60,91,11.07,overcast clouds
402,Pacific Grove,US,36.6177,-121.9166,54.52,77,0,6.91,clear sky
403,Darlowo,PL,54.421,16.4107,45.93,66,70,6.04,broken clouds
404,Yarkovo,RU,57.4028,67.0786,42.49,38,46,6.91,scattered clouds
405,Santa Rosa,PH,14.3122,121.1114,94.98,65,100,13.67,overcast clouds
406,Ulaanbaatar,MN,47.9077,106.8832,55.53,22,0,15.66,clear sky
407,Limoux,FR,42.9167,2.1667,57.52,79,100,6.46,light rain
408,Rock Sound,BS,24.9,-76.2,75.2,63,0,15.32,clear sky
409,Noumea,NC,-22.2763,166.4572,79.0,99,97,13.44,overcast clouds
410,Vao,NC,-22.6667,167.4833,74.57,75,100,25.3,overcast clouds
411,Molo,KE,-0.2479,35.7374,58.1,82,94,5.44,overcast clouds
412,Inirida,CO,3.8653,-67.9239,72.57,99,100,2.13,overcast clouds
413,Adre,TD,13.4667,22.2,86.0,11,63,7.02,broken clouds
414,Dakoro,NE,14.5106,6.765,87.31,9,95,1.7,overcast clouds
415,Noshiro,JP,40.2039,140.0242,58.03,43,38,8.63,scattered clouds
416,Kichera,RU,55.9375,110.0997,33.13,96,100,4.83,snow
417,Tateyama,JP,34.9833,139.8667,55.94,62,13,18.01,few clouds
418,Bengkulu,ID,-3.8004,102.2655,84.99,67,18,7.58,few clouds
419,Gikongoro,RW,-2.464,29.5739,59.52,91,84,1.61,broken clouds
420,Port Elizabeth,ZA,-33.918,25.5701,61.32,70,0,13.8,clear sky
421,Matara,LK,5.9485,80.5353,90.28,61,72,11.18,broken clouds
422,Adrar,MR,20.5022,-10.0711,69.4,22,45,9.13,scattered clouds
423,Cliza,BO,-17.6,-65.9333,58.89,84,98,2.37,overcast clouds
424,Chau Doc,VN,10.7,105.1167,91.31,49,90,4.34,overcast clouds
425,Kavaratti,IN,10.5669,72.642,86.09,73,100,10.78,moderate rain
426,Tanta,EG,30.7885,31.0019,73.9,56,3,16.58,clear sky
427,Semporna,MY,4.4818,118.6112,85.26,69,100,4.25,overcast clouds
428,Rio Grande,BR,-32.035,-52.0986,55.4,71,2,2.13,clear sky
429,Matay,EG,28.419,30.7792,85.1,15,81,13.24,broken clouds
430,Gweru,ZW,-19.45,29.8167,57.81,58,0,2.15,clear sky
431,Balkhash,KZ,46.844,74.9804,68.61,26,0,13.42,clear sky
432,Wawa,NG,9.9022,4.4192,80.78,69,90,4.68,overcast clouds
433,Nalut,LY,30.3333,10.85,65.61,41,99,24.63,overcast clouds
434,Igarka,RU,67.4667,86.5833,26.76,81,11,11.3,few clouds
435,Pahrump,US,36.2083,-115.9839,68.25,13,0,1.99,clear sky
436,Lavrentiya,RU,65.5833,-171.0,30.47,92,100,8.9,overcast clouds
437,Caala,AO,-12.8525,15.5606,58.06,81,80,2.93,broken clouds
438,Fethiye,TR,36.6217,29.1164,73.27,50,100,3.71,overcast clouds
439,Homer,US,59.6425,-151.5483,43.81,59,100,18.99,overcast clouds
440,Folldal,NO,62.1325,9.9968,28.62,81,16,3.33,few clouds
441,Ramon Castilla,PE,-4.2569,-69.9594,71.08,99,100,1.66,overcast clouds
442,Svetlyy,RU,54.675,20.1347,42.85,57,96,8.01,overcast clouds
443,Menongue,AO,-14.6585,17.691,59.52,73,4,3.6,clear sky
444,Los Llanos De Aridane,ES,28.6585,-17.9182,58.75,87,0,11.5,clear sky
445,Inhambane,MZ,-23.865,35.3833,71.8,77,0,6.38,clear sky
446,Karpathos,GR,35.507,27.2132,64.36,82,20,36.82,few clouds
447,Baixa Grande,BR,-11.9597,-40.1681,66.31,97,93,2.89,overcast clouds
448,Urengoy,RU,65.9667,78.3667,26.49,83,13,13.33,few clouds
449,Octeville,FR,49.6261,-1.6435,45.09,76,75,6.91,broken clouds
450,Naantali,FI,60.4674,22.0243,44.08,75,0,9.22,clear sky
451,Iaciara,BR,-14.0958,-46.6317,67.68,53,24,2.46,few clouds
452,Davenda,RU,53.5556,119.317,46.58,25,61,6.13,broken clouds
453,Knysna,ZA,-34.0363,23.0471,58.95,80,35,8.14,scattered clouds
454,Jyvaskyla,FI,62.2415,25.7209,34.14,76,0,9.22,clear sky
455,Bitkine,TD,11.9801,18.2138,87.13,41,99,6.46,overcast clouds
456,Tezu,IN,27.9167,96.1667,81.64,59,100,1.45,overcast clouds
457,Nuuk,GL,64.1835,-51.7216,21.81,73,75,23.02,broken clouds
458,Kamenka,RU,51.3223,42.7678,49.05,60,8,8.1,clear sky
459,Rondonopolis,BR,-16.4708,-54.6356,69.24,63,0,1.39,clear sky
460,Lardos,GR,36.0942,28.0157,68.95,66,87,13.29,overcast clouds
461,Bulgan,MN,48.8125,103.5347,60.67,20,62,12.3,broken clouds
462,Kousseri,CM,12.0769,15.0306,82.36,61,97,6.91,overcast clouds
463,Fare,PF,-16.7,-151.0167,80.76,74,3,17.72,clear sky
464,Groningen,NL,53.25,6.75,45.03,87,100,2.3,overcast clouds
465,Provideniya,RU,64.3833,-173.3,32.38,91,100,12.57,overcast clouds
466,Salalah,OM,17.0151,54.0924,89.69,62,0,3.44,clear sky
467,Fairview,US,40.8126,-73.999,51.62,31,0,13.8,clear sky
468,Ararat,AM,39.8317,44.7049,64.74,59,85,2.93,overcast clouds
469,Goundam,ML,16.4145,-3.6708,79.61,14,99,7.45,overcast clouds
470,Manggar,ID,-2.8833,108.2667,86.94,64,67,6.15,broken clouds
471,Kupang,ID,-10.1667,123.5833,86.54,63,81,2.62,broken clouds
472,Moyale,KE,3.5167,39.0584,73.36,72,24,7.67,few clouds
473,Ostrovnoy,RU,68.0531,39.5131,23.54,85,82,18.7,broken clouds
474,Pungesti,RO,46.7,27.3333,45.48,72,7,5.35,clear sky
475,Maroantsetra,MG,-15.4333,49.7333,74.95,80,96,1.48,overcast clouds
476,Kulhudhuffushi,MV,6.6221,73.07,86.07,71,66,10.13,broken clouds
477,Marawi,PH,7.9986,124.2928,77.9,81,63,6.11,broken clouds
478,Rubiataba,BR,-15.1644,-49.8033,65.88,60,38,3.0,scattered clouds
479,Rivadavia,AR,-33.1905,-68.4608,46.92,57,0,6.02,clear sky
480,Zarautz,ES,43.2844,-2.1699,55.45,85,100,3.42,overcast clouds
481,Vredendal,ZA,-31.6683,18.5012,54.18,89,1,2.77,clear sky
482,Finale Emilia,IT,44.8346,11.2939,56.86,62,48,2.73,scattered clouds
483,Airai,TL,-8.9266,125.4092,76.1,49,81,3.33,broken clouds
484,Usinsk,RU,65.9939,57.5281,25.34,68,84,13.94,broken clouds
485,Les Cayes,HT,18.2,-73.75,75.31,81,99,3.71,overcast clouds
486,Sangar,RU,63.9242,127.4739,36.63,79,52,8.61,broken clouds
487,Shingu,JP,33.7333,135.9833,62.46,69,84,9.4,broken clouds
488,Beaverlodge,CA,55.2166,-119.4361,34.95,92,95,3.15,overcast clouds
489,Iwanai,JP,42.9744,140.5089,50.67,52,2,9.8,clear sky
490,Tignere,CM,7.3667,12.65,66.22,89,100,3.49,overcast clouds
491,Riyadh,SA,24.6877,46.7219,71.74,30,1,6.8,clear sky
492,Kankaanpaa,FI,61.8,22.4167,38.16,65,75,10.09,broken clouds
493,Ratnagiri,IN,16.9833,73.3,89.89,56,1,9.15,clear sky
494,Rolante,BR,-29.6506,-50.5758,56.66,95,9,2.93,clear sky
495,Dashitou,CN,43.3067,128.5114,50.81,28,40,18.79,scattered clouds
496,Kaeo,NZ,-35.1,173.7833,61.32,95,46,9.37,scattered clouds
497,Maarianhamina,AX,60.0973,19.9348,40.86,65,0,3.44,clear sky
498,Redmond,US,47.674,-122.1215,54.91,71,100,1.01,overcast clouds
499,Zhigansk,RU,66.7697,123.3711,34.27,91,55,26.4,broken clouds
500,Springfield,US,37.2153,-93.2982,69.19,81,48,19.28,scattered clouds
501,Sertanopolis,BR,-23.0586,-51.0364,69.87,87,27,9.13,scattered clouds
502,Miri,MY,4.4148,114.0089,82.54,83,40,6.91,scattered clouds
503,Janauba,BR,-15.8025,-43.3089,64.42,81,0,6.02,clear sky
504,Dongsheng,CN,39.8161,109.9776,50.05,14,49,19.17,scattered clouds
505,Uige,AO,-7.6087,15.0613,68.58,94,100,2.28,overcast clouds
506,Haines Junction,CA,60.7522,-137.5108,40.95,60,37,4.61,scattered clouds
507,Kholtoson,RU,50.2981,103.3097,61.9,23,94,6.64,overcast clouds
508,Buraydah,SA,26.326,43.975,75.65,31,0,4.56,clear sky
509,Penzance,GB,50.1186,-5.5371,43.48,82,100,11.88,overcast clouds
510,Lima,PE,-12.0432,-77.0282,67.89,78,0,8.05,clear sky
511,Belle Fourche,US,44.6714,-103.8522,45.34,87,100,16.31,moderate rain
512,Katobu,ID,-4.9408,122.5276,85.84,68,97,7.72,light rain
513,Izumo,JP,35.3667,132.7667,60.69,51,20,17.27,few clouds
514,Khrenovoye,RU,51.12,40.2889,48.43,58,24,6.8,few clouds
515,Le Port,RE,-20.9373,55.2919,82.4,66,12,8.59,few clouds
516,Harper,LR,4.375,-7.7169,79.25,85,68,7.18,light rain
517,Koubia,GN,11.5833,-11.9,73.94,63,100,3.02,overcast clouds
518,Flinders,AU,-34.5833,150.8552,72.05,60,97,8.99,overcast clouds
519,Ribas Do Rio Pardo,BR,-20.4431,-53.7592,68.52,71,30,3.74,scattered clouds
520,Santa Maria,BR,-29.6842,-53.8069,47.82,94,1,6.06,clear sky
521,Kemijarvi,FI,66.7131,27.4306,31.66,68,96,2.8,overcast clouds
522,Birao,CF,10.2849,22.7882,84.67,47,100,8.52,overcast clouds
523,Verkhoyansk,RU,67.5447,133.385,32.13,76,56,8.63,broken clouds
524,Missoula,US,47.0166,-113.8009,31.55,77,17,1.7,few clouds
525,Dudinka,RU,69.4058,86.1778,18.63,90,100,13.49,overcast clouds
526,Dossor,KZ,47.5272,52.9811,64.99,45,100,25.26,overcast clouds
527,Puerto Del Rosario,ES,28.5004,-13.8627,64.15,77,0,11.5,clear sky
528,Tzucacab,MX,20.0667,-89.05,72.68,93,59,4.25,broken clouds
529,Taganak,PH,6.0833,118.3,89.74,72,95,7.07,overcast clouds
530,Kolpny,RU,52.2282,37.0368,46.33,60,20,7.43,few clouds
531,Baruun-Urt,MN,46.6806,113.2792,51.69,19,44,17.67,scattered clouds
532,Gamba,GA,-2.65,10.0,74.7,92,100,10.42,light rain
533,Batagay-Alyta,RU,67.8006,130.4114,28.02,76,23,12.21,few clouds
534,La Paz,BO,-16.5,-68.15,44.58,100,75,5.75,fog
535,Nijar,ES,36.9665,-2.206,54.64,87,0,2.3,clear sky
536,Troitsk,RU,54.0979,61.5773,49.84,39,100,13.06,overcast clouds
537,San Martin,AR,-33.081,-68.4681,46.94,57,0,6.11,clear sky
538,Tomatlan,MX,19.9333,-105.25,66.29,82,1,3.62,clear sky
539,Talcahuano,CL,-36.7167,-73.1167,44.28,87,0,6.91,clear sky
540,Norman Wells,CA,65.282,-126.8329,39.24,56,20,5.75,few clouds
541,Mathathane,BW,-22.2687,28.7495,68.72,33,0,5.32,clear sky
542,Utinga,BR,-5.8172,-35.3954,73.8,94,0,5.75,light rain
543,Morales,CO,2.757,-76.6172,58.37,94,65,3.18,broken clouds
544,Zhoucheng,CN,35.9122,116.3117,66.29,33,100,13.02,light rain
545,Nemuro,JP,43.3236,145.575,40.87,62,41,11.52,scattered clouds
546,San Cristobal,VE,7.7669,-72.225,75.38,97,83,3.29,broken clouds
547,Salinas,US,36.6777,-121.6555,57.29,64,0,6.91,clear sky
548,Sibolga,ID,1.7427,98.7792,86.23,67,77,4.83,broken clouds
549,Wanaka,NZ,-44.7,169.15,53.78,84,97,7.18,overcast clouds
550,Tahe,CN,52.3333,124.7333,44.91,20,49,9.26,scattered clouds
551,Banda Aceh,ID,5.5577,95.3222,86.43,69,100,11.3,overcast clouds
552,Lerwick,GB,60.1545,-1.1494,44.6,73,100,6.85,overcast clouds
553,Biloela,AU,-24.4167,150.5,84.94,36,24,7.45,few clouds
554,The Pas,CA,53.8251,-101.2541,33.82,80,0,3.44,clear sky
555,Balikpapan,ID,-1.2675,116.8289,83.34,78,98,3.65,overcast clouds
556,Poso,ID,-1.3959,120.7524,84.4,75,64,4.0,broken clouds
557,Ferreira Do Alentejo,PT,38.05,-8.0333,51.39,93,0,4.61,clear sky
558,Paamiut,GL,61.994,-49.6678,27.59,95,100,16.62,light snow
559,Bojnurd,IR,37.4747,57.329,66.15,63,75,4.61,broken clouds
560,Kalmunai,LK,7.4167,81.8167,89.24,63,52,6.13,broken clouds
561,Kirakira,SB,-10.4544,161.9205,82.36,78,100,2.89,overcast clouds
562,Parintins,BR,-2.6283,-56.7358,71.96,99,100,1.74,overcast clouds
563,Grojec,PL,51.8625,20.8676,53.51,72,16,4.05,few clouds
564,Mandera,KE,3.9366,41.867,85.89,56,25,8.1,scattered clouds
565,Tuquerres,CO,1.0923,-77.6209,45.64,94,85,6.35,overcast clouds
566,Upata,VE,8.0086,-62.3989,74.19,90,71,7.05,broken clouds
567,Vostok,RU,46.4856,135.8833,54.61,23,100,0.78,overcast clouds
568,Peachtree City,US,33.3968,-84.5958,65.17,76,0,6.91,clear sky
569,Winsum,NL,53.33,6.5208,44.98,90,100,5.61,overcast clouds
570,Lidkoping,SE,58.5052,13.1577,42.82,68,32,3.71,scattered clouds
571,Anadyr,RU,64.75,177.4833,34.3,86,40,11.18,scattered clouds
572,Hobyo,SO,5.3505,48.5268,86.29,63,31,5.66,scattered clouds
573,Alice,US,27.7523,-98.0697,76.57,88,100,13.8,overcast clouds
574,Asau,RO,46.4333,26.4,55.96,68,18,3.53,few clouds
575,Bambari,CF,5.768,20.6757,73.58,85,99,4.9,overcast clouds
576,Peruibe,BR,-24.32,-46.9983,69.91,94,100,6.51,overcast clouds
577,Karaton,ID,-6.3424,106.1045,84.54,70,98,3.31,overcast clouds
578,Ubaitaba,BR,-14.3125,-39.3233,67.44,99,56,1.99,broken clouds
579,Ullal,IN,12.8,74.85,83.35,78,75,4.61,broken clouds
580,Grand Forks,US,47.9417,-97.4337,42.53,100,100,11.5,light rain
581,Edwardsville,US,38.8114,-89.9532,63.88,75,0,11.5,clear sky
582,Elk Point,US,42.6833,-96.6836,57.36,96,100,14.03,light rain
583,Sassenheim,NL,52.225,4.5222,48.07,82,75,3.44,broken clouds
584,Chaumont,FR,48.1167,5.1333,46.94,95,47,3.83,scattered clouds
585,Kelowna,CA,49.8831,-119.4857,56.28,44,100,8.05,overcast clouds
586,Waipawa,NZ,-41.4122,175.5153,51.76,80,0,5.73,clear sky
587,Elban,RU,50.1018,136.5094,48.67,42,50,8.16,scattered clouds
588,Mangrol,IN,21.1167,70.1167,89.67,61,0,14.72,clear sky
589,Lasa,IT,46.6166,10.7002,49.08,96,100,3.4,overcast clouds
590,Porto Velho,BR,-8.7619,-63.9039,75.25,100,0,2.3,clear sky
591,Tazovskiy,RU,67.4667,78.7,24.53,84,51,16.71,broken clouds
592,Dawei,MM,14.0833,98.2,91.0,62,86,11.5,overcast clouds
593,Puerto Penasco,MX,31.3167,-113.5333,70.92,77,0,7.87,clear sky
594,Gushikawa,JP,26.3544,127.8686,76.23,66,100,9.22,overcast clouds
595,Nsanje,MW,-16.92,35.262,72.0,73,2,1.63,clear sky
596,Nouadhibou,MR,20.931,-17.0347,62.58,82,0,20.71,clear sky
597,Evensk,RU,61.95,159.2333,40.98,62,21,9.15,few clouds
598,Pangody,RU,65.85,74.4859,27.63,83,30,17.63,scattered clouds
599,Praya,CV,14.9215,-23.5087,68.54,73,20,14.97,few clouds
600,Sijunjung,ID,-0.6876,100.9537,94.64,45,77,0.58,broken clouds
601,Boyolangu,ID,-8.1181,111.8935,85.46,73,47,2.91,scattered clouds
602,Deep River,CA,46.1001,-77.4995,31.95,87,0,3.8,clear sky
603,Khonsa,IN,27.0167,95.5667,74.64,56,100,3.78,overcast clouds
604,Prince Rupert,CA,54.3161,-130.3201,47.89,71,20,11.5,few clouds
605,Jizan,SA,17.3333,42.6667,90.54,45,26,6.15,scattered clouds
606,Alice Springs,AU,-23.7,133.8833,74.75,46,35,18.41,scattered clouds
607,Cap Malheureux,MU,-19.9842,57.6142,80.47,62,5,8.99,clear sky
608,Mehamn,NO,71.0357,27.8492,28.27,61,100,22.44,overcast clouds
609,Yarim,YE,14.298,44.3779,62.83,43,9,1.07,clear sky
610,Lata,PT,40.1629,-8.3327,54.07,74,2,2.51,clear sky
611,Pirovskoye,RU,57.6267,92.2658,69.15,47,99,10.11,overcast clouds
612,Axim,GH,4.8699,-2.2405,78.64,88,98,5.12,overcast clouds
613,Rio Esteban,HN,15.8333,-86.3,75.74,91,20,5.14,few clouds
614,La Roda,ES,39.2167,-2.15,56.91,68,60,1.66,broken clouds
615,Flin Flon,CA,54.7682,-101.865,31.39,99,39,2.86,scattered clouds
616,Sawtell,AU,-30.3833,153.1,78.82,57,80,12.66,broken clouds
617,Kamaishi,JP,39.2667,141.8833,50.38,73,37,3.71,scattered clouds
618,Gat,IL,31.61,34.7642,91.78,16,19,20.09,few clouds
619,Abbeville,FR,50.1,1.8333,45.48,86,63,8.37,broken clouds
620,Fort-Shevchenko,KZ,44.5086,50.263,59.92,73,72,25.59,broken clouds
621,General Roca,AR,-39.0333,-67.5833,46.62,45,47,7.96,scattered clouds
622,Timmins,CA,48.4669,-81.3331,37.22,38,0,4.61,clear sky
623,Port Moresby,PG,-9.4431,147.1797,85.42,66,40,11.5,light rain
624,Sayat,TM,38.7839,63.8803,84.07,15,3,12.88,clear sky
625,Seminole,US,28.7086,-81.2081,72.21,86,0,5.75,clear sky
626,Ngunguru,NZ,-35.6167,174.5,63.84,68,23,11.77,few clouds
627,Tudela,ES,42.0617,-1.6045,54.5,83,99,10.18,overcast clouds
628,Chapleau,CA,47.8405,-83.4034,32.13,87,62,5.53,broken clouds
629,Elizabeth City,US,36.2946,-76.2511,53.98,88,0,0.0,clear sky
630,Ribeira Grande,PT,38.5167,-28.7,61.54,87,12,14.76,few clouds
631,Chumikan,RU,54.7183,135.315,36.73,65,96,4.72,overcast clouds
632,Omboue,GA,-1.5746,9.2618,76.73,92,99,4.5,light rain
633,Pueblo Nuevo,MX,23.3833,-105.3833,51.66,53,0,4.88,clear sky
634,Vagay,RU,57.9375,69.0217,41.83,38,11,7.72,few clouds
635,Krasnoselkup,RU,65.7,82.4667,26.17,71,4,10.94,clear sky
636,Loa Janan,ID,-0.583,117.095,91.26,54,69,3.06,broken clouds
637,Benito Juarez,MX,19.385,-99.165,66.02,52,40,6.91,scattered clouds
638,Yeppoon,AU,-23.1333,150.7333,82.18,75,28,13.29,scattered clouds
639,Alice Town,BS,25.7167,-79.3,76.08,71,70,12.21,broken clouds
640,The Valley,AI,18.217,-63.0578,77.09,85,100,13.22,overcast clouds
641,Heilbron,ZA,-27.2812,27.9709,53.53,80,10,6.02,clear sky
642,Chinhoyi,ZW,-17.3667,30.2,62.91,59,0,1.79,clear sky
643,Livramento,BR,-3.0254,-60.1803,75.88,94,40,2.3,scattered clouds
644,Tsagan Aman,RU,47.5639,46.7218,62.08,37,91,12.8,overcast clouds
645,Balykshi,KZ,47.0667,51.8667,59.0,55,40,24.61,scattered clouds
646,Gouyave,GD,12.1646,-61.7296,79.57,89,20,16.11,few clouds
647,Genhe,CN,50.7833,121.5167,42.4,30,85,8.61,overcast clouds
648,Dalby,AU,-27.1833,151.2667,84.97,39,89,6.96,overcast clouds
649,Beba,CU,22.4437,-79.7253,68.27,77,0,6.85,clear sky
650,Presidencia Roque Saenz Pena,AR,-26.7852,-60.4388,59.36,68,100,4.88,overcast clouds
651,San Patricio,US,28.017,-97.5169,77.09,90,4,13.27,clear sky
652,Worland,US,44.0169,-107.9554,41.67,84,75,10.0,broken clouds
653,Itaituba,BR,-4.2761,-55.9836,71.89,99,100,0.94,overcast clouds
654,Richards Bay,ZA,-28.783,32.0377,71.46,81,88,12.37,moderate rain
655,Solnechnyy,RU,50.7214,136.6319,40.41,62,59,6.82,broken clouds
656,Sao Joao Da Barra,BR,-21.6403,-41.0511,70.97,89,3,5.61,clear sky
657,Ancud,CL,-41.8697,-73.8203,42.62,82,70,1.43,broken clouds
658,Montgomery,US,39.1501,-77.1997,47.95,70,0,3.44,clear sky
659,Puerto Ayacucho,VE,5.6639,-67.6236,74.17,95,100,5.39,overcast clouds
660,Kirksville,US,40.1948,-92.5833,62.56,76,75,14.97,broken clouds
661,Meadow Lake,US,34.8014,-106.5436,59.45,15,0,12.68,clear sky
662,Moindou,NC,-21.6924,165.677,76.41,73,79,8.57,broken clouds
663,Nishihara,JP,26.1842,127.7558,76.28,69,100,10.36,overcast clouds
664,Basti,IN,26.8,82.7167,105.78,17,10,6.71,clear sky
665,Quatre Cocos,MU,-20.2078,57.7625,80.71,65,3,11.25,clear sky
666,Scarborough,GB,54.2797,-0.4044,42.66,84,15,3.51,few clouds
667,Gambela,ET,8.25,34.5833,83.46,63,7,2.15,clear sky
668,Kermen,BG,42.5,26.25,53.42,87,75,6.91,broken clouds
669,Puma,TZ,-5.0,34.7333,63.41,82,70,10.85,broken clouds
670,Oyama,JP,36.3,139.8,68.59,36,54,13.56,broken clouds
671,Yinchuan,CN,38.4681,106.2731,59.9,10,28,5.75,scattered clouds
672,Novoagansk,RU,61.9449,76.6625,30.06,75,69,7.65,broken clouds
673,Quang Ngai,VN,15.1167,108.8,84.65,73,68,6.24,broken clouds
674,Harbour Breton,CA,47.4833,-55.7983,41.14,90,100,6.4,overcast clouds
675,Vanavara,RU,60.34,102.2797,57.63,70,63,13.11,broken clouds
676,Newport,GB,51.5877,-2.9984,41.54,84,70,4.74,broken clouds
677,Mancio Lima,BR,-7.6142,-72.8958,71.67,100,100,1.14,overcast clouds
678,San Ramon,US,37.7799,-121.978,58.75,72,0,3.44,clear sky
679,Hofn,IS,64.2539,-15.2082,45.64,64,8,5.19,clear sky
680,Xai-Xai,MZ,-25.0519,33.6442,68.88,72,0,8.5,clear sky
681,Waitati,NZ,-45.75,170.5667,56.8,81,88,6.82,overcast clouds
682,Namatanai,PG,-3.6667,152.4333,83.57,71,51,2.73,light rain
683,Pitimbu,BR,-7.4706,-34.8086,75.79,78,98,6.96,overcast clouds
684,Berlevag,NO,70.8578,29.0864,24.6,60,100,23.22,light snow
685,San Lazaro,BZ,18.0387,-88.6622,73.71,96,2,3.71,clear sky
686,Taoudenni,ML,22.6783,-3.9836,72.43,35,27,17.36,scattered clouds
687,Sakakah,SA,29.9697,40.2064,76.57,31,33,13.22,scattered clouds
688,Kalevala,RU,65.2,31.1667,32.38,67,85,7.87,overcast clouds
689,Celinac,BA,44.7228,17.3278,48.87,78,37,2.59,scattered clouds
690,Uspenka,UA,48.3903,39.1619,53.62,61,69,13.53,broken clouds
691,Inyonga,TZ,-6.7167,32.0667,68.74,83,72,4.65,broken clouds
692,Rosh Pinna,IL,32.9689,35.5426,80.6,38,0,2.3,clear sky
693,Mbandaka,CD,0.0487,18.2603,71.04,88,99,1.59,overcast clouds
694,Surt,LY,31.2089,16.5887,64.15,78,84,7.9,broken clouds
695,Ucluelet,CA,48.9329,-125.5528,47.08,91,100,7.54,light rain
696,Erenhot,CN,43.6475,111.9767,52.86,10,0,20.38,clear sky
697,Havoysund,NO,70.9963,24.6622,28.63,74,100,20.15,light snow
698,Dasoguz,TM,41.8363,59.9666,75.15,25,100,6.91,overcast clouds
699,Yerbogachen,RU,61.2767,108.0108,48.24,88,100,13.87,overcast clouds
700,Mogadishu,SO,2.0371,45.3438,85.87,79,75,11.5,broken clouds
701,Beterou,BJ,9.1992,2.2586,76.19,83,100,2.13,overcast clouds
702,Kautokeino,NO,69.0125,23.0412,23.29,78,44,8.21,scattered clouds
703,Coruripe,BR,-10.1256,-36.1756,73.31,78,94,2.51,overcast clouds
704,Chimore,BO,-16.9833,-65.1333,68.52,93,100,0.67,overcast clouds
705,Saint-Avold,FR,49.1027,6.7006,49.48,96,78,4.03,broken clouds
706,Mount Gambier,AU,-37.8333,140.7667,57.11,82,75,19.57,broken clouds
707,Kholm,RU,59.2667,32.85,36.79,59,89,6.11,overcast clouds
708,Beipiao,CN,41.7919,120.7792,60.12,11,0,20.65,clear sky
709,Amapa,BR,1.0,-52.0,71.44,99,99,1.77,overcast clouds
710,Huarmey,PE,-10.0681,-78.1522,66.97,88,91,6.02,overcast clouds
711,Kattivakkam,IN,13.2167,80.3167,96.89,77,67,14.54,broken clouds
712,Leh,IN,34.1667,77.5833,50.16,39,59,0.67,broken clouds
